<?xml version="1.0" encoding="utf-8"?>
<selector xmlns:android="http://schemas.android.com/apk/res/android">
    <item>
        <layer-list>
            <item android:right="5dp" android:top="5dp">
                <shape>
                    <corners android:radius="35dp" />
                    <solid android:color="#DBE2E9" />
                </shape>
            </item>
            <item android:bottom="2dp" android:left="2dp">
                <shape>
                    <solid android:color="#163631"/>
                    <stroke android:width="1dp" android:color="#BABABA" />
                    <corners android:radius="30dp" />
                    <padding android:bottom="10dp" android:left="10dp"
                        android:right="10dp" android:top="10dp" />
                </shape>
            </item>
        </layer-list>
    </item>
</selector>